repo	number	created	merged	closed	state
acme/site	101	2026-01-05	2026-01-08	2026-01-08	closed
acme/pipelines	102	2026-01-06	2026-01-07	2026-01-07	closed
acme/pipelines	103	2026-01-07	2026-01-10	2026-01-10	closed
acme/pipelines	104	2026-01-07	2026-01-07	2026-01-07	closed
acme/site	105	2026-01-07	2026-01-07	2026-01-07	closed
acme/pipelines	106	2026-01-08	2026-01-10	2026-01-10	closed
acme/pipelines	107	2026-01-09	2026-01-10	2026-01-10	closed
acme/pipelines	108	2026-01-09	2026-01-10	2026-01-10	closed
acme/site	109	2026-01-09	2026-01-09	2026-01-09	closed
acme/site	110	2026-01-12	2026-01-15	2026-01-15	closed
acme/pipelines	111	2026-01-12	2026-01-15	2026-01-15	closed
acme/site	112	2026-01-13	2026-01-15	2026-01-15	closed
acme/pipelines	113	2026-01-14	2026-01-14	2026-01-14	closed
acme/pipelines	114	2026-01-14	2026-01-17	2026-01-17	closed
acme/pipelines	115	2026-01-14	2026-01-16	2026-01-16	closed
acme/site	116	2026-01-15	2026-01-15	2026-01-15	closed
acme/pipelines	117	2026-01-15	2026-01-17	2026-01-17	closed
acme/site	118	2026-01-15	2026-01-17	2026-01-17	closed
acme/site	119	2026-01-16	2026-01-19	2026-01-19	closed
acme/pipelines	120	2026-01-16	2026-01-16	2026-01-16	closed
acme/site	121	2026-01-19	2026-01-21	2026-01-21	closed
acme/site	122	2026-01-19	2026-01-22	2026-01-22	closed
acme/pipelines	123	2026-01-20	2026-01-23	2026-01-23	closed
acme/pipelines	124	2026-01-21	2026-01-24	2026-01-24	closed
acme/pipelines	125	2026-01-21	2026-01-21	2026-01-21	closed
acme/site	126	2026-01-22	2026-01-24	2026-01-24	closed
acme/pipelines	127	2026-01-22	2026-01-25	2026-01-25	closed
acme/pipelines	128	2026-01-23	2026-01-24	2026-01-24	closed
