key	created	resolved	type	parent
ACME-200	2025-12-31	2026-01-05	Bug	ACME-10
ACME-201	2026-01-01	2026-01-06	Sub-task	ACME-10
ACME-202	2026-01-02	2026-01-07	Task	ACME-10
ACME-203	2026-01-03	2026-01-08	Task	
ACME-204	2026-01-07	2026-01-12	Task	
ACME-205	2026-01-08	2026-01-13	Sub-task	
ACME-206	2026-01-10	2026-01-15	Sub-task	ACME-10
ACME-207	2026-01-14	2026-01-19	Sub-task	ACME-11
ACME-208	2026-01-15	2026-01-20	Sub-task	ACME-10
ACME-209	2026-01-16	2026-01-21	Bug	ACME-11
ACME-210	2026-01-17	2026-01-22	Sub-task	ACME-10
ACME-211	2026-01-18	2026-01-23	Task	ACME-11
